,accuracy,precision,recall,f1
LogisticRegression,0.8741721854304636,0.75,0.6363636363636364,0.6885245901639344
RandomForest,0.9470198675496688,0.9629629629629629,0.7878787878787878,0.8666666666666667
MLP,0.9403973509933775,0.9,0.8181818181818182,0.8571428571428571
LogisticRegression_PCA,0.8410596026490066,0.6666666666666666,0.5454545454545454,0.6
RandomForest_Tuned,0.9337748344370861,0.9259259259259259,0.7575757575757576,0.8333333333333334
